"Country Name","Country Code","Indicator Name","Indicator Code",1960,1961,1962,1963,1964,1965,1966,1967,1968,1969,1970,1971,1972,1973,1974,1975,1976,1977,1978,1979,1980,1981,1982,1983,1984,1985,1986,1987,1988,1989,1990,1991,1992,1993,1994,1995,1996,1997,1998,1999,2000,2001,2002,2003,2004,2005,2006,2007,2008,2009,2010,2011,2012,2013,2014,2015
Aruba,ABW,"Research and development expenditure (% of GDP)",GB.XPD.RSDV.GD.ZS,,,,,,,,,,,,,,,,,,,,,,,,,,,,,,,,,,,,,,,,,,,,,,,,,,,,,,,,
Andorra,AND,"Research and development expenditure (% of GDP)",GB.XPD.RSDV.GD.ZS,,,,,,,,,,,,,,,,,,,,,,,,,,,,,,,,,,,,,,,,,,,,,,,,,,,,,,,,
Afghanistan,AFG,"Research and development expenditure (% of GDP)",GB.XPD.RSDV.GD.ZS,,,,,,,,,,,,,,,,,,,,,,,,,,,,,,,,,,,,,,,,,,,,,,,,,,,,,,,,
Angola,AGO,"Research and development expenditure (% of GDP)",GB.XPD.RSDV.GD.ZS,,,,,,,,,,,,,,,,,,,,,,,,,,,,,,,,,,,,,,,,,,,,,,,,,,,,,,,,
Albania,ALB,"Research and development expenditure (% of GDP)",GB.XPD.RSDV.GD.ZS,,,,,,,,,,,,,,,,,,,,,,,,,,,,,,,,,,,,,,,,,,,,,,,,0.08737,0.15412,,,,,,,
"Arab World",ARB,"Research and development expenditure (% of GDP)",GB.XPD.RSDV.GD.ZS,,,,,,,,,,,,,,,,,,,,,,,,,,,,,,,,,,,,,,,,,,,,,,,,,,,,,,,,
"United Arab Emirates",ARE,"Research and development expenditure (% of GDP)",GB.XPD.RSDV.GD.ZS,,,,,,,,,,,,,,,,,,,,,,,,,,,,,,,,,,,,,,,,,,,,,,,,,,,,0.49071,,,,
Argentina,ARG,"Research and development expenditure (% of GDP)",GB.XPD.RSDV.GD.ZS,,,,,,,,,,,,,,,,,,,,,,,,,,,,,,,,,,,,,0.41749,0.41959,0.41131,0.45337,0.43884,0.42461,0.38886,0.41013,0.36555,0.37868,0.40033,0.40169,0.42135,0.48292,0.49191,0.51544,0.57942,,,
Armenia,ARM,"Research and development expenditure (% of GDP)",GB.XPD.RSDV.GD.ZS,,,,,,,,,,,,,,,,,,,,,,,,,,,,,,,,,,,,,,0.18692,0.22601,0.214,0.18463,0.27987,0.25255,0.23971,0.21201,0.25761,0.24057,0.21107,0.22438,0.29093,0.24139,0.27014,0.25438,0.23686,,
"American Samoa",ASM,"Research and development expenditure (% of GDP)",GB.XPD.RSDV.GD.ZS,,,,,,,,,,,,,,,,,,,,,,,,,,,,,,,,,,,,,,,,,,,,,,,,,,,,,,,,
"Antigua and Barbuda",ATG,"Research and development expenditure (% of GDP)",GB.XPD.RSDV.GD.ZS,,,,,,,,,,,,,,,,,,,,,,,,,,,,,,,,,,,,,,,,,,,,,,,,,,,,,,,,
Australia,AUS,"Research and development expenditure (% of GDP)",GB.XPD.RSDV.GD.ZS,,,,,,,,,,,,,,,,,,,,,,,,,,,,,,,,,,,,,1.6619,,1.51483,,1.57648,,1.75338,,1.85341,,2.18215,,2.40144,,2.38592,2.24915,,,,
Austria,AUT,"Research and development expenditure (% of GDP)",GB.XPD.RSDV.GD.ZS,,,,,,,,,,,,,,,,,,,,,,,,,,,,,,,,,,,,,1.58431,1.65855,1.73613,1.84929,1.88965,1.99599,2.06993,2.18268,2.17368,2.38324,2.37115,2.4324,2.58557,2.61357,2.74175,2.68125,2.80978,2.81289,2.8345,
Azerbaijan,AZE,"Research and development expenditure (% of GDP)",GB.XPD.RSDV.GD.ZS,,,,,,,,,,,,,,,,,,,,,,,,,,,,,,,,,,,,,0.23533,0.3695,0.42124,0.39289,0.336,0.34001,0.30155,0.32496,0.29831,0.21994,0.17165,0.17006,0.16554,0.24976,0.21848,0.21084,0.21724,0.21141,,
Burundi,BDI,"Research and development expenditure (% of GDP)",GB.XPD.RSDV.GD.ZS,,,,,,,,,,,,,,,,,,,,,,,,,,,,,,,,,,,,,,,,,,,,,,,,0.2007,0.15419,0.14434,0.13755,0.12126,,,,
Belgium,BEL,"Research and development expenditure (% of GDP)",GB.XPD.RSDV.GD.ZS,,,,,,,,,,,,,,,,,,,,,,,,,,,,,,,,,,,,,1.73312,1.79981,1.8291,1.89458,1.92696,2.02546,1.89417,1.83431,1.81112,1.7842,1.81035,1.84222,1.91871,1.97433,2.04719,2.15075,2.24321,2.2808,,
Benin,BEN,"Research and development expenditure (% of GDP)",GB.XPD.RSDV.GD.ZS,,,,,,,,,,,,,,,,,,,,,,,,,,,,,,,,,,,,,,,,,,,,,,,,,,,,,,,,
"Burkina Faso",BFA,"Research and development expenditure (% of GDP)",GB.XPD.RSDV.GD.ZS,,,,,,,,,,,,,,,,,,,,,,,,,,,,,,,,,,,,,0.15834,0.18104,,,,0.19057,0.33866,0.27119,0.24197,0.17057,,0.11062,0.18634,0.20005,,,,,,
Bangladesh,BGD,"Research and development expenditure (% of GDP)",GB.XPD.RSDV.GD.ZS,,,,,,,,,,,,,,,,,,,,,,,,,,,,,,,,,,,,,,,,,,,,,,,,,,,,,,,,
Bulgaria,BGR,"Research and development expenditure (% of GDP)",GB.XPD.RSDV.GD.ZS,,,,,,,,,,,,,,,,,,,,,,,,,,,,,,,,,,,,,0.50866,0.47048,0.4954,0.53561,0.49116,0.44333,0.46642,0.47319,0.47518,0.45129,0.45176,0.43787,0.45709,0.51169,0.58636,0.54768,0.61988,0.64982,,
Bahrain,BHR,"Research and development expenditure (% of GDP)",GB.XPD.RSDV.GD.ZS,,,,,,,,,,,,,,,,,,,,,,,,,,,,,,,,,,,,,,,,,,,,,,,,,,0.03849,0.03858,0.03764,0.04099,0.04196,,
"Bahamas, The",BHS,"Research and development expenditure (% of GDP)",GB.XPD.RSDV.GD.ZS,,,,,,,,,,,,,,,,,,,,,,,,,,,,,,,,,,,,,,,,,,,,,,,,,,,,,,,,
"Bosnia and Herzegovina",BIH,"Research and development expenditure (% of GDP)",GB.XPD.RSDV.GD.ZS,,,,,,,,,,,,,,,,,,,,,,,,,,,,,,,,,,,,,,,,,,,,0.01854,0.01611,0.02776,0.02018,0.02576,0.01881,0.02148,,,0.27037,0.32721,,
Belarus,BLR,"Research and development expenditure (% of GDP)",GB.XPD.RSDV.GD.ZS,,,,,,,,,,,,,,,,,,,,,,,,,,,,,,,,,,,,,0.99852,0.73,0.70578,0.84523,0.7221,0.70876,0.6209,0.61147,0.62759,0.67852,0.66065,0.96203,0.74147,0.64269,0.6935,0.7006,0.66705,0.67358,,
Belize,BLZ,"Research and development expenditure (% of GDP)",GB.XPD.RSDV.GD.ZS,,,,,,,,,,,,,,,,,,,,,,,,,,,,,,,,,,,,,,,,,,,,,,,,,,,,,,,,
Bermuda,BMU,"Research and development expenditure (% of GDP)",GB.XPD.RSDV.GD.ZS,,,,,,,,,,,,,,,,,,,,,,,,,,,,,,,,,,,,,,0.05885,,,,,,,,,,0.20526,0.2095,0.22217,0.22283,0.26122,0.23115,0.22606,,
Bolivia,BOL,"Research and development expenditure (% of GDP)",GB.XPD.RSDV.GD.ZS,,,,,,,,,,,,,,,,,,,,,,,,,,,,,,,,,,,,,0.32544,0.31577,0.29495,0.29836,0.28744,0.29358,0.27663,,,,,,,0.157,,,,,,
Brazil,BRA,"Research and development expenditure (% of GDP)",GB.XPD.RSDV.GD.ZS,,,,,,,,,,,,,,,,,,,,,,,,,,,,,,,,,,,,,,,,,0.99886,1.03166,0.9759,0.99816,0.96296,1.00193,0.98792,1.08227,1.12986,1.12029,1.15963,1.14008,1.15115,,,
Barbados,BRB,"Research and development expenditure (% of GDP)",GB.XPD.RSDV.GD.ZS,,,,,,,,,,,,,,,,,,,,,,,,,,,,,,,,,,,,,,,,,,,,,,,,,,,,,,,,
"Brunei Darussalam",BRN,"Research and development expenditure (% of GDP)",GB.XPD.RSDV.GD.ZS,,,,,,,,,,,,,,,,,,,,,,,,,,,,,,,,,,,,,,,,,,,0.01592,0.01842,0.03701,,,,,,,,,,,
Bhutan,BTN,"Research and development expenditure (% of GDP)",GB.XPD.RSDV.GD.ZS,,,,,,,,,,,,,,,,,,,,,,,,,,,,,,,,,,,,,,,,,,,,,,,,,,,,,,,,
Botswana,BWA,"Research and development expenditure (% of GDP)",GB.XPD.RSDV.GD.ZS,,,,,,,,,,,,,,,,,,,,,,,,,,,,,,,,,,,,,,,,,,,,,,0.53286,,,,,,,0.25229,,,
"Central African Republic",CAF,"Research and development expenditure (% of GDP)",GB.XPD.RSDV.GD.ZS,,,,,,,,,,,,,,,,,,,,,,,,,,,,,,,,,,,,,,,,,,,,,,,,,,,,,,,,
Canada,CAN,"Research and development expenditure (% of GDP)",GB.XPD.RSDV.GD.ZS,,,,,,,,,,,,,,,,,,,,,,,,,,,,,,,,,,,,,1.6162,1.62374,1.71746,1.76045,1.87185,2.03845,1.99298,1.98508,2.0136,1.98645,1.95566,1.91787,1.86826,1.92265,1.83755,1.7788,1.70956,1.62365,,
"Central Europe and the Baltics",CEB,"Research and development expenditure (% of GDP)",GB.XPD.RSDV.GD.ZS,,,,,,,,,,,,,,,,,,,,,,,,,,,,,,,,,,,,,0.7388454298058124,0.7554164443992862,0.7355506341057886,0.7409568179632906,0.7449491637263391,0.749760130759858,0.7397130570235395,0.7306465719204982,0.7367544215737005,0.7388020543974407,0.7547935190150857,0.7607991330209909,0.7904934396810018,0.8367933648667009,0.8799737452834451,0.9651547591859831,1.0646317431914112,1.0635819759493839,,
Switzerland,CHE,"Research and development expenditure (% of GDP)",GB.XPD.RSDV.GD.ZS,,,,,,,,,,,,,,,,,,,,,,,,,,,,,,,,,,,,,2.45208,,,,2.32683,,,,2.67692,,,,2.72858,,,,2.96353,,,
"Channel Islands",CHI,"Research and development expenditure (% of GDP)",GB.XPD.RSDV.GD.ZS,,,,,,,,,,,,,,,,,,,,,,,,,,,,,,,,,,,,,,,,,,,,,,,,,,,,,,,,
Chile,CHL,"Research and development expenditure (% of GDP)",GB.XPD.RSDV.GD.ZS,,,,,,,,,,,,,,,,,,,,,,,,,,,,,,,,,,,,,,,,,,,,,,,,0.3105,0.37499,0.35291,0.33099,0.35343,0.36479,,,
China,CHN,"Research and development expenditure (% of GDP)",GB.XPD.RSDV.GD.ZS,,,,,,,,,,,,,,,,,,,,,,,,,,,,,,,,,,,,,0.56513,0.64102,0.64926,0.75276,0.89767,0.94539,1.06411,1.1274,1.22349,1.31793,1.37974,1.38432,1.4573,1.67871,1.7272,1.79438,1.9281,2.01466,,
"Cote d'Ivoire",CIV,"Research and development expenditure (% of GDP)",GB.XPD.RSDV.GD.ZS,,,,,,,,,,,,,,,,,,,,,,,,,,,,,,,,,,,,,,,,,,,,,,,,,,,,,,,,
Cameroon,CMR,"Research and development expenditure (% of GDP)",GB.XPD.RSDV.GD.ZS,,,,,,,,,,,,,,,,,,,,,,,,,,,,,,,,,,,,,,,,,,,,,,,,,,,,,,,,
"Congo, Rep.",COG,"Research and development expenditure (% of GDP)",GB.XPD.RSDV.GD.ZS,,,,,,,,,,,,,,,,,,,,,,,,,,,,,,,,,,,,,,,,,,,,,,,,,,,,,,,,
Colombia,COL,"Research and development expenditure (% of GDP)",GB.XPD.RSDV.GD.ZS,,,,,,,,,,,,,,,,,,,,,,,,,,,,,,,,,,,,,0.29923,0.27366,,,0.10603,0.10945,0.11597,0.18038,0.1762,0.17454,0.17265,0.19853,0.21177,0.20887,0.20971,0.21694,0.21574,0.22641,,
Comoros,COM,"Research and development expenditure (% of GDP)",GB.XPD.RSDV.GD.ZS,,,,,,,,,,,,,,,,,,,,,,,,,,,,,,,,,,,,,,,,,,,,,,,,,,,,,,,,
"Cabo Verde",CPV,"Research and development expenditure (% of GDP)",GB.XPD.RSDV.GD.ZS,,,,,,,,,,,,,,,,,,,,,,,,,,,,,,,,,,,,,,,,,,,,,,,,,,,,0.07264,,,,
"Costa Rica",CRI,"Research and development expenditure (% of GDP)",GB.XPD.RSDV.GD.ZS,,,,,,,,,,,,,,,,,,,,,,,,,,,,,,,,,,,,,0.298,0.29075,0.2574,0.33172,0.38728,,,0.35682,0.37318,,0.43047,0.36417,0.3984,0.54117,0.48261,0.47403,,,,
"Caribbean small states",CSS,"Research and development expenditure (% of GDP)",GB.XPD.RSDV.GD.ZS,,,,,,,,,,,,,,,,,,,,,,,,,,,,,,,,,,,,,,,,,,,,,,,,,,,,,,,,
Cuba,CUB,"Research and development expenditure (% of GDP)",GB.XPD.RSDV.GD.ZS,,,,,,,,,,,,,,,,,,,,,,,,,,,,,,,,,,,,,0.34736,0.40172,0.50123,0.45831,0.47865,0.56528,0.56445,0.58243,0.60231,0.5492,0.44139,0.43615,0.50061,0.61487,0.60767,0.27192,0.40717,0.47466,,
Curacao,CUW,"Research and development expenditure (% of GDP)",GB.XPD.RSDV.GD.ZS,,,,,,,,,,,,,,,,,,,,,,,,,,,,,,,,,,,,,,,,,,,,,,,,,,,,,,,,
"Cayman Islands",CYM,"Research and development expenditure (% of GDP)",GB.XPD.RSDV.GD.ZS,,,,,,,,,,,,,,,,,,,,,,,,,,,,,,,,,,,,,,,,,,,,,,,,,,,,,,,,
Cyprus,CYP,"Research and development expenditure (% of GDP)",GB.XPD.RSDV.GD.ZS,,,,,,,,,,,,,,,,,,,,,,,,,,,,,,,,,,,,,,,0.20407,0.2192,0.22818,0.23852,0.28151,0.32059,0.33869,0.37055,0.38741,0.40431,0.39089,0.45046,0.45218,0.45612,0.42925,0.47519,,
"Czech Republic",CZE,"Research and development expenditure (% of GDP)",GB.XPD.RSDV.GD.ZS,,,,,,,,,,,,,,,,,,,,,,,,,,,,,,,,,,,,,0.89728,0.99715,1.06717,1.05693,1.11636,1.10576,1.10491,1.15119,1.14738,1.17084,1.23372,1.3051,1.24203,1.29722,1.33986,1.56009,1.7877,1.90525,,
Germany,DEU,"Research and development expenditure (% of GDP)",GB.XPD.RSDV.GD.ZS,,,,,,,,,,,,,,,,,,,,,,,,,,,,,,,,,,,,,2.13894,2.1815,2.21557,2.3373,2.39503,2.38891,2.41872,2.45996,2.42403,2.42574,2.45917,2.44937,2.6009,2.72789,2.71513,2.79725,2.87685,2.85341,,
Djibouti,DJI,"Research and development expenditure (% of GDP)",GB.XPD.RSDV.GD.ZS,,,,,,,,,,,,,,,,,,,,,,,,,,,,,,,,,,,,,,,,,,,,,,,,,,,,,,,,
Dominica,DMA,"Research and development expenditure (% of GDP)",GB.XPD.RSDV.GD.ZS,,,,,,,,,,,,,,,,,,,,,,,,,,,,,,,,,,,,,,,,,,,,,,,,,,,,,,,,
Denmark,DNK,"Research and development expenditure (% of GDP)",GB.XPD.RSDV.GD.ZS,,,,,,,,,,,,,,,,,,,,,,,,,,,,,,,,,,,,,1.80667,1.88914,2.00619,2.12764,,2.32466,2.44145,2.51085,2.42042,2.39254,2.40236,2.51481,2.77951,3.06927,2.93698,2.96625,3.02286,3.05629,,
"Dominican Republic",DOM,"Research and development expenditure (% of GDP)",GB.XPD.RSDV.GD.ZS,,,,,,,,,,,,,,,,,,,,,,,,,,,,,,,,,,,,,,,,,,,,,,,,,,,,,,,,
Algeria,DZA,"Research and development expenditure (% of GDP)",GB.XPD.RSDV.GD.ZS,,,,,,,,,,,,,,,,,,,,,,,,,,,,,,,,,,,,,,,,,,0.23028,0.3664,0.19623,0.16357,0.06604,,,,,,,,,,
"East Asia & Pacific (developing only)",EAP,"Research and development expenditure (% of GDP)",GB.XPD.RSDV.GD.ZS,,,,,,,,,,,,,,,,,,,,,,,,,,,,,,,,,,,,,0.4632192794006571,0.5675107758389578,0.632252674914938,0.7005958224367665,0.7345753863445448,0.8047429198235531,0.9171960802557212,1.012505523843104,1.1132528893681015,1.1883795801206571,1.2579096611066691,1.2566364948697357,1.4237898788263965,1.4479849760674255,1.6988082661400168,1.6773050897370227,1.8970631593727032,1.8437911786872663,,
"East Asia & Pacific (all income levels)",EAS,"Research and development expenditure (% of GDP)",GB.XPD.RSDV.GD.ZS,,,,,,,,,,,,,,,,,,,,,,,,,,,,,,,,,,,,,2.2567705535539875,2.329276641007316,2.3028885340250222,2.3797700890723936,2.3132070677097794,2.364447077790858,2.3222222105851404,2.4124568948345018,2.39251466188412,2.4886613063594787,2.475602845305181,2.422239426496056,2.469771604417345,2.3402724755227515,2.4611929568119733,2.4253807348331873,2.552591945055002,2.4991171883861987,,
"Europe & Central Asia (developing only)",ECA,"Research and development expenditure (% of GDP)",GB.XPD.RSDV.GD.ZS,,,,,,,,,,,,,,,,,,,,,,,,,,,,,,,,,,,,,0.5207683328054148,0.6057104688930753,0.4748746954004183,0.5232662878538965,0.5005328782874489,0.5346925869632705,0.5356078163130373,0.5061950917150455,0.5164648122080491,0.5777139100232435,0.5506880810816299,0.6178121607853327,0.6121662681914972,0.6722430970349286,0.6685868758357308,0.6565117065947728,0.6916503457383621,0.6768628267909679,,
"Europe & Central Asia (all income levels)",ECS,"Research and development expenditure (% of GDP)",GB.XPD.RSDV.GD.ZS,,,,,,,,,,,,,,,,,,,,,,,,,,,,,,,,,,,,,1.6732697113012265,1.6567277081032805,1.627812276599982,1.7197161538147416,1.6966582577883862,1.7412253694768236,1.7142884282243427,1.735930715354955,1.7125288546881203,1.667157501653063,1.6736791200694643,1.6742857204756476,1.7381129520291263,1.827718487285465,1.7910894753710254,1.80918937479295,1.8658245126378983,1.8335649419269855,,
Ecuador,ECU,"Research and development expenditure (% of GDP)",GB.XPD.RSDV.GD.ZS,,,,,,,,,,,,,,,,,,,,,,,,,,,,,,,,,,,,,0.07406,0.06263,0.06517,,,0.0515,0.05534,0.05735,,,0.12863,0.13194,0.22779,0.39463,0.40297,0.33991,,,,
"Egypt, Arab Rep.",EGY,"Research and development expenditure (% of GDP)",GB.XPD.RSDV.GD.ZS,,,,,,,,,,,,,,,,,,,,,,,,,,,,,,,,,,,,,0.2126,0.19756,0.1991,0.18651,0.19247,,,,0.26994,0.24141,0.25903,0.2551,0.27024,0.43312,0.43345,0.53154,0.54103,0.67798,,
"Euro area",EMU,"Research and development expenditure (% of GDP)",GB.XPD.RSDV.GD.ZS,,,,,,,,,,,,,,,,,,,,,,,,,,,,,,,,,,,,,1.7392290619359374,1.7127045421663396,1.7422391152670804,1.7649594962931925,1.805132318523516,1.795210268245024,1.8365030509909357,1.80391959889396,1.7827302875702697,1.7790637864287555,1.8013388397277241,1.8079664370956698,1.8911148795940311,1.9865420454835854,1.99479071929011,2.039948688479189,2.095075885375316,2.102477245350195,,
Eritrea,ERI,"Research and development expenditure (% of GDP)",GB.XPD.RSDV.GD.ZS,,,,,,,,,,,,,,,,,,,,,,,,,,,,,,,,,,,,,,,,,,,,,,,,,,,,,,,,
Spain,ESP,"Research and development expenditure (% of GDP)",GB.XPD.RSDV.GD.ZS,,,,,,,,,,,,,,,,,,,,,,,,,,,,,,,,,,,,,0.78949,0.77964,0.85102,0.84052,0.88495,0.89019,0.96005,1.02219,1.03849,1.09577,1.17217,1.23448,1.31708,1.35136,1.34964,1.31929,1.26916,1.24019,,
Estonia,EST,"Research and development expenditure (% of GDP)",GB.XPD.RSDV.GD.ZS,,,,,,,,,,,,,,,,,,,,,,,,,,,,,,,,,,,,,,,0.57167,0.68201,0.60011,0.70075,0.71781,0.76868,0.85204,0.92381,1.11696,1.06919,1.26,1.39617,1.58242,2.34365,2.15854,1.73995,,
Ethiopia,ETH,"Research and development expenditure (% of GDP)",GB.XPD.RSDV.GD.ZS,,,,,,,,,,,,,,,,,,,,,,,,,,,,,,,,,,,,,,,,,,,,,,0.17917,,0.17089,,,0.24137,,,0.60631,,
"European Union",EUU,"Research and development expenditure (% of GDP)",GB.XPD.RSDV.GD.ZS,,,,,,,,,,,,,,,,,,,,,,,,,,,,,,,,,,,,,1.7016478548745644,1.721221828878151,1.6965164162382234,1.7790757774020753,1.7454677984174272,1.8029019843179297,1.7750949513917769,1.7987653501755145,1.7631155991238414,1.7562739373523473,1.7767468970936116,1.7789595591637426,1.8475884310430608,1.9378817541382851,1.9306230932731006,1.970293178460293,2.009368318066899,2.0154401088817497,,
"Fragile and conflict affected situations",FCS,"Research and development expenditure (% of GDP)",GB.XPD.RSDV.GD.ZS,,,,,,,,,,,,,,,,,,,,,,,,,,,,,,,,,,,,,,,,,,,,,,,,,,,,,,,,
Finland,FIN,"Research and development expenditure (% of GDP)",GB.XPD.RSDV.GD.ZS,,,,,,,,,,,,,,,,,,,,,,,,,,,,,,,,,,,,,2.45311,2.62321,2.78655,3.05603,3.24569,3.19795,3.2574,3.30214,3.31494,3.32976,3.33762,3.34577,3.54708,3.74883,3.72598,3.63881,3.41948,3.30904,,
Fiji,FJI,"Research and development expenditure (% of GDP)",GB.XPD.RSDV.GD.ZS,,,,,,,,,,,,,,,,,,,,,,,,,,,,,,,,,,,,,,,,,,,,,,,,,,,,,,,,
France,FRA,"Research and development expenditure (% of GDP)",GB.XPD.RSDV.GD.ZS,,,,,,,,,,,,,,,,,,,,,,,,,,,,,,,,,,,,,2.211,2.13549,2.08415,2.09695,2.08399,2.12914,2.16572,2.11117,2.08636,2.04447,2.04528,2.02003,2.05759,2.2091,2.17509,2.19064,2.23029,2.22811,,
"Faeroe Islands",FRO,"Research and development expenditure (% of GDP)",GB.XPD.RSDV.GD.ZS,,,,,,,,,,,,,,,,,,,,,,,,,,,,,,,,,,,,,,,,,,,,0.861169993877411,,,,,,,,,,,,
"Micronesia, Fed. Sts.",FSM,"Research and development expenditure (% of GDP)",GB.XPD.RSDV.GD.ZS,,,,,,,,,,,,,,,,,,,,,,,,,,,,,,,,,,,,,,,,,,,,,,,,,,,,,,,,
Gabon,GAB,"Research and development expenditure (% of GDP)",GB.XPD.RSDV.GD.ZS,,,,,,,,,,,,,,,,,,,,,,,,,,,,,,,,,,,,,,,,,,,,,,,,0.41633,0.5109,0.57508,,,,,,
"United Kingdom",GBR,"Research and development expenditure (% of GDP)",GB.XPD.RSDV.GD.ZS,,,,,,,,,,,,,,,,,,,,,,,,,,,,,,,,,,,,,1.71444,1.66783,1.67384,1.75755,1.7311,1.72142,1.72112,1.67137,1.61315,1.63427,1.65297,1.68789,1.68839,1.74501,1.69164,1.69253,1.6314,1.62529,,
Georgia,GEO,"Research and development expenditure (% of GDP)",GB.XPD.RSDV.GD.ZS,,,,,,,,,,,,,,,,,,,,,,,,,,,,,,,,,,,,,0.33088,0.3424,0.35384,0.28769,0.2153,0.23848,0.18574,0.2176,0.2442,0.17658,,,,,,,,0.13139,0.16168,
Ghana,GHA,"Research and development expenditure (% of GDP)",GB.XPD.RSDV.GD.ZS,,,,,,,,,,,,,,,,,,,,,,,,,,,,,,,,,,,,,,,,,,,,,,,,0.23157,,,0.37655,,,,,
Guinea,GIN,"Research and development expenditure (% of GDP)",GB.XPD.RSDV.GD.ZS,,,,,,,,,,,,,,,,,,,,,,,,,,,,,,,,,,,,,,,,,,,,,,,,,,,,,,,,
"Gambia, The",GMB,"Research and development expenditure (% of GDP)",GB.XPD.RSDV.GD.ZS,,,,,,,,,,,,,,,,,,,,,,,,,,,,,,,,,,,,,,,,,,,,,,,,,0.02039,0.01748,,0.13221,,,,
Guinea-Bissau,GNB,"Research and development expenditure (% of GDP)",GB.XPD.RSDV.GD.ZS,,,,,,,,,,,,,,,,,,,,,,,,,,,,,,,,,,,,,,,,,,,,,,,,,,,,,,,,
"Equatorial Guinea",GNQ,"Research and development expenditure (% of GDP)",GB.XPD.RSDV.GD.ZS,,,,,,,,,,,,,,,,,,,,,,,,,,,,,,,,,,,,,,,,,,,,,,,,,,,,,,,,
Greece,GRC,"Research and development expenditure (% of GDP)",GB.XPD.RSDV.GD.ZS,,,,,,,,,,,,,,,,,,,,,,,,,,,,,,,,,,,,,,0.42864,,0.56641,,0.56024,,0.54756,0.52922,0.57922,0.56126,0.57621,0.66154,0.62584,0.59791,0.66962,0.68876,0.80337,,
Grenada,GRD,"Research and development expenditure (% of GDP)",GB.XPD.RSDV.GD.ZS,,,,,,,,,,,,,,,,,,,,,,,,,,,,,,,,,,,,,,,,,,,,,,,,,,,,,,,,
Greenland,GRL,"Research and development expenditure (% of GDP)",GB.XPD.RSDV.GD.ZS,,,,,,,,,,,,,,,,,,,,,,,,,,,,,,,,,,,,,,,,,,0.527409970760345,0.556280016899109,0.555169999599457,0.715810000896454,,,,,,,,,,,
Guatemala,GTM,"Research and development expenditure (% of GDP)",GB.XPD.RSDV.GD.ZS,,,,,,,,,,,,,,,,,,,,,,,,,,,,,,,,,,,,,,,,,,,,,,0.035,0.0493,0.06674,0.06188,0.0553,0.0435,0.04814,0.04471,,,
Guam,GUM,"Research and development expenditure (% of GDP)",GB.XPD.RSDV.GD.ZS,,,,,,,,,,,,,,,,,,,,,,,,,,,,,,,,,,,,,,,,,,,,,,,,,,,,,,,,
Guyana,GUY,"Research and development expenditure (% of GDP)",GB.XPD.RSDV.GD.ZS,,,,,,,,,,,,,,,,,,,,,,,,,,,,,,,,,,,,,,,,,,,,,,,,,,,,,,,,
"High income",HIC,"Research and development expenditure (% of GDP)",GB.XPD.RSDV.GD.ZS,,,,,,,,,,,,,,,,,,,,,,,,,,,,,,,,,,,,,2.141677824390687,2.164580938898918,2.174535744708033,2.249594687053657,2.312016215061161,2.342324178841038,2.2944476699733887,2.2629813203338034,2.206472978220222,2.2146772316741665,2.232812954576166,2.2286541381186207,2.296639081107711,2.375479104213259,2.359970252691238,2.362874376267857,2.4207611004621747,,,
"Hong Kong SAR, China",HKG,"Research and development expenditure (% of GDP)",GB.XPD.RSDV.GD.ZS,,,,,,,,,,,,,,,,,,,,,,,,,,,,,,,,,,,,,,,0.4283,0.45767,0.46493,0.53645,0.58147,0.68027,0.72176,0.77343,0.79468,0.75161,0.71996,0.77342,0.74946,0.72086,0.72733,,,
Honduras,HND,"Research and development expenditure (% of GDP)",GB.XPD.RSDV.GD.ZS,,,,,,,,,,,,,,,,,,,,,,,,,,,,,,,,,,,,,,,,,0.04453,0.03834,0.04181,0.04215,0.04155,,,,,,,,,,,
"Heavily indebted poor countries (HIPC)",HPC,"Research and development expenditure (% of GDP)",GB.XPD.RSDV.GD.ZS,,,,,,,,,,,,,,,,,,,,,,,,,,,,,,,,,,,,,,,,,,,,,,,,,,,,,,,,
Croatia,HRV,"Research and development expenditure (% of GDP)",GB.XPD.RSDV.GD.ZS,,,,,,,,,,,,,,,,,,,,,,,,,,,,,,,,,,,,,,,,0.8404,1.0441,0.91644,0.94811,0.95059,1.0308,0.85558,0.74009,0.79225,0.88413,0.84425,0.74469,0.75237,0.75113,0.81421,,
Haiti,HTI,"Research and development expenditure (% of GDP)",GB.XPD.RSDV.GD.ZS,,,,,,,,,,,,,,,,,,,,,,,,,,,,,,,,,,,,,,,,,,,,,,,,,,,,,,,,
Hungary,HUN,"Research and development expenditure (% of GDP)",GB.XPD.RSDV.GD.ZS,,,,,,,,,,,,,,,,,,,,,,,,,,,,,,,,,,,,,0.63311,0.70232,0.65925,0.67333,0.79277,0.91679,0.98709,0.92476,0.86794,0.93037,0.99004,0.96551,0.98848,1.14292,1.15123,1.20042,1.2739,1.40755,,
Indonesia,IDN,"Research and development expenditure (% of GDP)",GB.XPD.RSDV.GD.ZS,,,,,,,,,,,,,,,,,,,,,,,,,,,,,,,,,,,,,,,,,0.06769,0.04756,,,,,,,,0.08332,,,,0.08489,,
"Isle of Man",IMN,"Research and development expenditure (% of GDP)",GB.XPD.RSDV.GD.ZS,,,,,,,,,,,,,,,,,,,,,,,,,,,,,,,,,,,,,,,,,,,,,,,,,,,,,,,,
India,IND,"Research and development expenditure (% of GDP)",GB.XPD.RSDV.GD.ZS,,,,,,,,,,,,,,,,,,,,,,,,,,,,,,,,,,,,,0.62804,0.67485,0.69166,0.71165,0.74395,0.72323,0.71316,0.70689,0.74385,0.81044,0.79722,0.7908,0.84108,0.81881,0.79718,0.82224,,,,
"Not classified",INX,"Research and development expenditure (% of GDP)",GB.XPD.RSDV.GD.ZS,,,,,,,,,,,,,,,,,,,,,,,,,,,,,,,,,,,,,,,,,,,,,,,,,,,,,,,,
Ireland,IRL,"Research and development expenditure (% of GDP)",GB.XPD.RSDV.GD.ZS,,,,,,,,,,,,,,,,,,,,,,,,,,,,,,,,,,,,,1.27316,1.24575,1.21324,1.15514,1.09082,1.05966,1.06215,1.13008,1.18376,1.2001,1.20642,1.2361,1.39434,1.6272,1.61858,1.53301,1.57645,,,
"Iran, Islamic Rep.",IRN,"Research and development expenditure (% of GDP)",GB.XPD.RSDV.GD.ZS,,,,,,,,,,,,,,,,,,,,,,,,,,,,,,,,,,,,,,,,,,0.55195,0.54754,0.67451,0.58742,0.73454,0.61405,,0.7488,0.31296,0.3073,,,,,
Iraq,IRQ,"Research and development expenditure (% of GDP)",GB.XPD.RSDV.GD.ZS,,,,,,,,,,,,,,,,,,,,,,,,,,,,,,,,,,,,,,,,,,,,,,,,0.04554,0.03435,0.04562,0.03684,0.03476,,,,
Iceland,ISL,"Research and development expenditure (% of GDP)",GB.XPD.RSDV.GD.ZS,,,,,,,,,,,,,,,,,,,,,,,,,,,,,,,,,,,,,,1.78603,1.95415,2.24272,2.59437,2.87046,2.86219,2.73057,,2.68838,2.91342,2.55724,2.53065,2.66409,,2.49097,,,,
Israel,ISR,"Research and development expenditure (% of GDP)",GB.XPD.RSDV.GD.ZS,,,,,,,,,,,,,,,,,,,,,,,,,,,,,,,,,,,,,2.61036,2.84023,2.94283,3.35399,3.95997,4.22244,4.17366,3.93955,3.91553,4.08565,4.19002,4.47954,4.38661,4.15274,3.95527,4.10215,4.24693,4.21329,,
Italy,ITA,"Research and development expenditure (% of GDP)",GB.XPD.RSDV.GD.ZS,,,,,,,,,,,,,,,,,,,,,,,,,,,,,,,,,,,,,0.94808,0.98958,1.00746,0.98298,1.00506,1.04449,1.08437,1.06152,1.05265,1.04661,1.08646,1.13217,1.16311,1.22066,1.22221,1.20881,1.2694,1.25528,,
Jamaica,JAM,"Research and development expenditure (% of GDP)",GB.XPD.RSDV.GD.ZS,,,,,,,,,,,,,,,,,,,,,,,,,,,,,,,,,,,,,,,,,,0.04959,0.06096,,,,,,,,,,,,,
Jordan,JOR,"Research and development expenditure (% of GDP)",GB.XPD.RSDV.GD.ZS,,,,,,,,,,,,,,,,,,,,,,,,,,,,,,,,,,,,,,,,,,,0.33696,,,,,,0.4347,,,,,,,
Japan,JPN,"Research and development expenditure (% of GDP)",GB.XPD.RSDV.GD.ZS,,,,,,,,,,,,,,,,,,,,,,,,,,,,,,,,,,,,,2.76501,2.82761,2.9602,2.97734,3.00169,3.07448,3.11562,3.14388,3.1332,3.3087,3.4091,3.46142,3.46706,3.35734,3.25394,3.38313,3.34314,3.47409,,
Kazakhstan,KAZ,"Research and development expenditure (% of GDP)",GB.XPD.RSDV.GD.ZS,,,,,,,,,,,,,,,,,,,,,,,,,,,,,,,,,,,,,,0.29337,0.22039,0.18383,0.18104,0.22009,0.25509,0.25246,0.24837,0.28361,0.24281,0.20884,0.21654,0.22924,0.15341,0.15723,0.16889,0.17483,,
Kenya,KEN,"Research and development expenditure (% of GDP)",GB.XPD.RSDV.GD.ZS,,,,,,,,,,,,,,,,,,,,,,,,,,,,,,,,,,,,,,,,,,,,,,,,0.35521,,,0.78578,,,,,
"Kyrgyz Republic",KGZ,"Research and development expenditure (% of GDP)",GB.XPD.RSDV.GD.ZS,,,,,,,,,,,,,,,,,,,,,,,,,,,,,,,,,,,,,,0.1939,0.21064,0.17992,0.15637,0.17189,0.1981,0.22272,0.19926,0.19861,0.23014,0.23425,0.19017,0.15997,0.15547,0.15633,,,,
Cambodia,KHM,"Research and development expenditure (% of GDP)",GB.XPD.RSDV.GD.ZS,,,,,,,,,,,,,,,,,,,,,,,,,,,,,,,,,,,,,,,,,,,0.0498,,,,,,,,,,,,,
Kiribati,KIR,"Research and development expenditure (% of GDP)",GB.XPD.RSDV.GD.ZS,,,,,,,,,,,,,,,,,,,,,,,,,,,,,,,,,,,,,,,,,,,,,,,,,,,,,,,,
"St. Kitts and Nevis",KNA,"Research and development expenditure (% of GDP)",GB.XPD.RSDV.GD.ZS,,,,,,,,,,,,,,,,,,,,,,,,,,,,,,,,,,,,,,,,,,,,,,,,,,,,,,,,
"Korea, Rep.",KOR,"Research and development expenditure (% of GDP)",GB.XPD.RSDV.GD.ZS,,,,,,,,,,,,,,,,,,,,,,,,,,,,,,,,,,,,,2.24098,2.28548,2.14865,2.06208,2.18023,2.34108,2.27382,2.3515,2.53248,2.62617,2.83066,3.00035,3.12343,3.29324,3.46594,3.74361,4.02554,4.14853,,
Kosovo,KSV,"Research and development expenditure (% of GDP)",GB.XPD.RSDV.GD.ZS,,,,,,,,,,,,,,,,,,,,,,,,,,,,,,,,,,,,,,,,,,,,,,,,,,,,,,,,
Kuwait,KWT,"Research and development expenditure (% of GDP)",GB.XPD.RSDV.GD.ZS,,,,,,,,,,,,,,,,,,,,,,,,,,,,,,,,,,,,,,0.20539,0.25795,0.19764,0.12543,0.17882,0.18001,0.14347,0.1301,0.10083,0.08478,0.08585,0.0855,0.1122,0.1014,0.09899,0.09721,0.29869,,
"Latin America & Caribbean (developing only)",LAC,"Research and development expenditure (% of GDP)",GB.XPD.RSDV.GD.ZS,,,,,,,,,,,,,,,,,,,,,,,,,,,,,,,,,,,,,,,,,0.5861896915216787,0.5645505857137976,0.5451732352560537,0.5800940391656054,0.5923617709005251,0.6492275748588457,0.6348089106103837,0.6949639147263609,0.7517968593650693,0.7833260603112527,0.8379984698700109,0.8171351122275226,0.8231710787240292,,,
"Lao PDR",LAO,"Research and development expenditure (% of GDP)",GB.XPD.RSDV.GD.ZS,,,,,,,,,,,,,,,,,,,,,,,,,,,,,,,,,,,,,,,,,,,0.0371,,,,,,,,,,,,,
Lebanon,LBN,"Research and development expenditure (% of GDP)",GB.XPD.RSDV.GD.ZS,,,,,,,,,,,,,,,,,,,,,,,,,,,,,,,,,,,,,,,,,,,,,,,,,,,,,,,,
Liberia,LBR,"Research and development expenditure (% of GDP)",GB.XPD.RSDV.GD.ZS,,,,,,,,,,,,,,,,,,,,,,,,,,,,,,,,,,,,,,,,,,,,,,,,,,,,,,,,
Libya,LBY,"Research and development expenditure (% of GDP)",GB.XPD.RSDV.GD.ZS,,,,,,,,,,,,,,,,,,,,,,,,,,,,,,,,,,,,,,,,,,,,,,,,,,,,,,,,
"St. Lucia",LCA,"Research and development expenditure (% of GDP)",GB.XPD.RSDV.GD.ZS,,,,,,,,,,,,,,,,,,,,,,,,,,,,,,,,,,,,,,,0.76588,0.3644,,,,,,,,,,,,,,,,
"Latin America & Caribbean (all income levels)",LCN,"Research and development expenditure (% of GDP)",GB.XPD.RSDV.GD.ZS,,,,,,,,,,,,,,,,,,,,,,,,,,,,,,,,,,,,,,,,,0.5573514318325642,0.5416285908081717,0.5309830662134127,0.5640294828507976,0.5674008505808492,0.618539219878381,0.6061171822048959,0.6409029242510698,0.6926207780958306,0.7180056186445543,0.7710647970504259,0.7564722004316704,0.7605943446238106,,,
"Least developed countries: UN classification",LDC,"Research and development expenditure (% of GDP)",GB.XPD.RSDV.GD.ZS,,,,,,,,,,,,,,,,,,,,,,,,,,,,,,,,,,,,,,,,,,,,,,,,,,,,,,,,
"Low income",LIC,"Research and development expenditure (% of GDP)",GB.XPD.RSDV.GD.ZS,,,,,,,,,,,,,,,,,,,,,,,,,,,,,,,,,,,,,,,,,,,,,,,,,,,,,,,,
Liechtenstein,LIE,"Research and development expenditure (% of GDP)",GB.XPD.RSDV.GD.ZS,,,,,,,,,,,,,,,,,,,,,,,,,,,,,,,,,,,,,,,,,,,,,,,,,,,,,,,,
"Sri Lanka",LKA,"Research and development expenditure (% of GDP)",GB.XPD.RSDV.GD.ZS,,,,,,,,,,,,,,,,,,,,,,,,,,,,,,,,,,,,,0.18356,,,,0.14392,,,,0.1821,,0.1742,,0.11444,,0.15664,,,,,
"Lower middle income",LMC,"Research and development expenditure (% of GDP)",GB.XPD.RSDV.GD.ZS,,,,,,,,,,,,,,,,,,,,,,,,,,,,,,,,,,,,,,,,,0.48689294934195504,,,,,,,0.6204387153820825,,0.5779207835056587,,,,,,
"Low & middle income",LMY,"Research and development expenditure (% of GDP)",GB.XPD.RSDV.GD.ZS,,,,,,,,,,,,,,,,,,,,,,,,,,,,,,,,,,,,,,,,,0.6307793601255863,0.6596594806020382,0.7006878522649638,0.7514553638888806,0.789970177886323,0.8425789712520638,0.8777705815615172,0.889387757132154,0.9906021476869493,1.054114522679596,1.1396917254661916,1.1950217300361254,1.4179597382138418,,,
Lesotho,LSO,"Research and development expenditure (% of GDP)",GB.XPD.RSDV.GD.ZS,,,,,,,,,,,,,,,,,,,,,,,,,,,,,,,,,,,,,,,,,,,0.04943,0.05131,0.06773,,,,,0.0296,,0.01283,,,,
Lithuania,LTU,"Research and development expenditure (% of GDP)",GB.XPD.RSDV.GD.ZS,,,,,,,,,,,,,,,,,,,,,,,,,,,,,,,,,,,,,0.489140003919601,0.536149978637695,0.54312002658844,0.502080023288727,0.590179979801178,0.671920001506805,0.661989986896515,0.670300006866455,0.75067,0.74741,0.79119,0.80092,0.78844,0.82967,0.78421,0.90471,0.89562,0.95099,,
Luxembourg,LUX,"Research and development expenditure (% of GDP)",GB.XPD.RSDV.GD.ZS,,,,,,,,,,,,,,,,,,,,,,,,,,,,,,,,,,,,,,,,,1.57381,,,1.65178,1.62499,1.58541,1.692,1.64547,1.64914,1.71852,1.50264,1.41092,1.15605,1.15514,,
Latvia,LVA,"Research and development expenditure (% of GDP)",GB.XPD.RSDV.GD.ZS,,,,,,,,,,,,,,,,,,,,,,,,,,,,,,,,,,,,,0.39616,0.3451,0.35819,0.31648,0.35057,0.32255,0.33879,0.32827,0.37671,0.52435,0.64542,0.55302,0.58015,0.45296,0.60816,0.70027,0.65434,0.59961,,
"Macao SAR, China",MAC,"Research and development expenditure (% of GDP)",GB.XPD.RSDV.GD.ZS,,,,,,,,,,,,,,,,,,,,,,,,,,,,,,,,,,,,,,,,,,0.06554,0.07318,0.06496,0.05545,0.09033,0.08463,0.05806,0.1025,0.05477,0.04991,0.04453,0.04811,0.05139,,
"St. Martin (French part)",MAF,"Research and development expenditure (% of GDP)",GB.XPD.RSDV.GD.ZS,,,,,,,,,,,,,,,,,,,,,,,,,,,,,,,,,,,,,,,,,,,,,,,,,,,,,,,,
Morocco,MAR,"Research and development expenditure (% of GDP)",GB.XPD.RSDV.GD.ZS,,,,,,,,,,,,,,,,,,,,,,,,,,,,,,,,,,,,,,,0.2856,,,0.63473,0.54955,0.65909,,,0.63568,,,,0.7338,,,,,
Monaco,MCO,"Research and development expenditure (% of GDP)",GB.XPD.RSDV.GD.ZS,,,,,,,,,,,,,,,,,,,,,,,,,,,,,,,,,,,,,,,,,,,,,0.03719,0.03752,,,,,,,,,,
Moldova,MDA,"Research and development expenditure (% of GDP)",GB.XPD.RSDV.GD.ZS,,,,,,,,,,,,,,,,,,,,,,,,,,,,,,,,,,,,,0.87295,0.80679,,,,,,0.32405,0.34903,0.39865,0.40622,0.54558,0.53463,0.52557,0.43987,0.40499,0.41733,0.35419,,
Madagascar,MDG,"Research and development expenditure (% of GDP)",GB.XPD.RSDV.GD.ZS,,,,,,,,,,,,,,,,,,,,,,,,,,,,,,,,,,,,,,0.22032,0.11044,0.096,0.11976,0.21821,0.24552,0.33841,0.22353,0.17552,0.16371,0.14037,0.13404,0.14683,0.11324,0.10588,,,,
Maldives,MDV,"Research and development expenditure (% of GDP)",GB.XPD.RSDV.GD.ZS,,,,,,,,,,,,,,,,,,,,,,,,,,,,,,,,,,,,,,,,,,,,,,,,,,,,,,,,
"Middle East & North Africa (all income levels)",MEA,"Research and development expenditure (% of GDP)",GB.XPD.RSDV.GD.ZS,,,,,,,,,,,,,,,,,,,,,,,,,,,,,,,,,,,,,,,,,,,,,,,,,,,,,,,,
Mexico,MEX,"Research and development expenditure (% of GDP)",GB.XPD.RSDV.GD.ZS,,,,,,,,,,,,,,,,,,,,,,,,,,,,,,,,,,,,,0.25923,0.28761,0.31669,0.35644,0.317,0.3385,0.38178,0.38894,0.3942,0.40356,0.37247,0.36837,0.40383,0.43065,0.45409,0.42497,0.43457,0.49808,,
"Marshall Islands",MHL,"Research and development expenditure (% of GDP)",GB.XPD.RSDV.GD.ZS,,,,,,,,,,,,,,,,,,,,,,,,,,,,,,,,,,,,,,,,,,,,,,,,,,,,,,,,
"Middle income",MIC,"Research and development expenditure (% of GDP)",GB.XPD.RSDV.GD.ZS,,,,,,,,,,,,,,,,,,,,,,,,,,,,,,,,,,,,,,,,,0.6312454877739335,0.660407699900801,0.7026394907022809,0.7529189539469112,0.7924171977710682,0.8468483605896924,0.8807095068582005,0.8952971098189951,0.9960460395293689,1.058574085639638,1.1466896812226663,1.1958477722436593,1.4182665596084163,,,
"Macedonia, FYR",MKD,"Research and development expenditure (% of GDP)",GB.XPD.RSDV.GD.ZS,,,,,,,,,,,,,,,,,,,,,,,,,,,,,,,,,,,,,,0.37773,0.4296,0.3451,0.41888,0.2931,0.24461,0.21064,0.23237,0.22825,0.19373,0.17093,0.22358,0.19679,0.21634,0.22276,0.32676,0.44099,,
Mali,MLI,"Research and development expenditure (% of GDP)",GB.XPD.RSDV.GD.ZS,,,,,,,,,,,,,,,,,,,,,,,,,,,,,,,,,,,,,,,,,,,,,,,,0.24915,,,0.66142,,,,,
Malta,MLT,"Research and development expenditure (% of GDP)",GB.XPD.RSDV.GD.ZS,,,,,,,,,,,,,,,,,,,,,,,,,,,,,,,,,,,,,,,,,,,0.26036,0.25267,0.52912,0.5657,0.61592,0.57891,0.55969,0.54476,0.68477,0.72075,0.90248,0.88614,,
Myanmar,MMR,"Research and development expenditure (% of GDP)",GB.XPD.RSDV.GD.ZS,,,,,,,,,,,,,,,,,,,,,,,,,,,,,,,,,,,,,,0.05985,0.03417,0.04406,0.11306,0.07144,0.16216,,,,,,,,,,,,,
"Middle East & North Africa (developing only)",MNA,"Research and development expenditure (% of GDP)",GB.XPD.RSDV.GD.ZS,,,,,,,,,,,,,,,,,,,,,,,,,,,,,,,,,,,,,,,,,,,,,,,,,,,0.35561638320441646,,,,,
Montenegro,MNE,"Research and development expenditure (% of GDP)",GB.XPD.RSDV.GD.ZS,,,,,,,,,,,,,,,,,,,,,,,,,,,,,,,,,,,,,,,,,,,,0.79774,1.01872,0.92443,1.24172,1.14891,,,,0.40864,,0.37829,,
Mongolia,MNG,"Research and development expenditure (% of GDP)",GB.XPD.RSDV.GD.ZS,,,,,,,,,,,,,,,,,,,,,,,,,,,,,,,,,,,,,,0.16786,0.16643,0.15016,0.18757,0.26749,0.25173,0.2518,0.26777,0.23776,0.19121,0.23827,0.33667,0.30478,0.24438000000000001,0.23054,0.23913,0.23314000000000001,,
"Northern Mariana Islands",MNP,"Research and development expenditure (% of GDP)",GB.XPD.RSDV.GD.ZS,,,,,,,,,,,,,,,,,,,,,,,,,,,,,,,,,,,,,,,,,,,,,,,,,,,,,,,,
Mozambique,MOZ,"Research and development expenditure (% of GDP)",GB.XPD.RSDV.GD.ZS,,,,,,,,,,,,,,,,,,,,,,,,,,,,,,,,,,,,,,,,,,,0.50421,,,,0.53299,,0.15909,,0.42398,,,,,
Mauritania,MRT,"Research and development expenditure (% of GDP)",GB.XPD.RSDV.GD.ZS,,,,,,,,,,,,,,,,,,,,,,,,,,,,,,,,,,,,,,,,,,,,,,,,,,,,,,,,
Mauritius,MUS,"Research and development expenditure (% of GDP)",GB.XPD.RSDV.GD.ZS,,,,,,,,,,,,,,,,,,,,,,,,,,,,,,,,,,,,,,0.27899,0.26178,0.31388,0.28903,0.36873,0.37377,0.33806,0.37932,0.37229,,,,,,,0.18125,,,
Malawi,MWI,"Research and development expenditure (% of GDP)",GB.XPD.RSDV.GD.ZS,,,,,,,,,,,,,,,,,,,,,,,,,,,,,,,,,,,,,,,,,,,,,,,,,,,,,,,,
Malaysia,MYS,"Research and development expenditure (% of GDP)",GB.XPD.RSDV.GD.ZS,,,,,,,,,,,,,,,,,,,,,,,,,,,,,,,,,,,,,0.21645,,0.39789,,0.469,,0.65254,,0.5999,,0.61106,,0.78847,1.01001,1.0674,1.06422,1.12668,,,
"North America",NAC,"Research and development expenditure (% of GDP)",GB.XPD.RSDV.GD.ZS,,,,,,,,,,,,,,,,,,,,,,,,,,,,,,,,,,,,,2.382508222495462,2.410603844354948,2.4461287470174264,2.490763110799321,2.570283936505623,2.599609944320409,2.5139653566675335,2.512215101741357,2.4534568523889453,2.4635699546360383,2.4986533819191723,2.561180502833972,2.6806586651634627,2.737314192791259,2.6487365328087114,2.662719066547896,2.693615783264744,,,
Namibia,NAM,"Research and development expenditure (% of GDP)",GB.XPD.RSDV.GD.ZS,,,,,,,,,,,,,,,,,,,,,,,,,,,,,,,,,,,,,,,,,,,,,,,,,,,0.14176,,,,,
"New Caledonia",NCL,"Research and development expenditure (% of GDP)",GB.XPD.RSDV.GD.ZS,,,,,,,,,,,,,,,,,,,,,,,,,,,,,,,,,,,,,,,,,,,,,,,,,,,,,,,,
Niger,NER,"Research and development expenditure (% of GDP)",GB.XPD.RSDV.GD.ZS,,,,,,,,,,,,,,,,,,,,,,,,,,,,,,,,,,,,,,,,,,,,,,,,,,,,,,,,
Nigeria,NGA,"Research and development expenditure (% of GDP)",GB.XPD.RSDV.GD.ZS,,,,,,,,,,,,,,,,,,,,,,,,,,,,,,,,,,,,,,,,,,,,,,,,0.21896,,,,,,,,
Nicaragua,NIC,"Research and development expenditure (% of GDP)",GB.XPD.RSDV.GD.ZS,,,,,,,,,,,,,,,,,,,,,,,,,,,,,,,,,,,,,,0.0651,,,,,0.03493,,,,,,,,,,,,,
Netherlands,NLD,"Research and development expenditure (% of GDP)",GB.XPD.RSDV.GD.ZS,,,,,,,,,,,,,,,,,,,,,,,,,,,,,,,,,,,,,1.87375,1.87641,1.76968,1.85167,1.80298,1.81768,1.77224,1.8085,1.81983,1.80743,1.77437,1.69895,1.65179,1.6851,1.72475,1.88839,1.96772,1.98223,,
"High income: nonOECD",NOC,"Research and development expenditure (% of GDP)",GB.XPD.RSDV.GD.ZS,,,,,,,,,,,,,,,,,,,,,,,,,,,,,,,,,,,,,,,,,,,,,,,0.7797556350025877,0.8318294163946466,0.8061991652335483,0.8661192040680129,,0.8995505020326178,,,,
Norway,NOR,"Research and development expenditure (% of GDP)",GB.XPD.RSDV.GD.ZS,,,,,,,,,,,,,,,,,,,,,,,,,,,,,,,,,,,,,,1.59352,,1.60533,,1.56231,1.63058,1.68036,1.54506,1.48317,1.45598,1.56478,1.5555,1.72386,1.65087,1.62754,1.62024,1.65542,,
Nepal,NPL,"Research and development expenditure (% of GDP)",GB.XPD.RSDV.GD.ZS,,,,,,,,,,,,,,,,,,,,,,,,,,,,,,,,,,,,,,,,,,,,,,,,,0.05439,0.25924,0.3022,,,,,
"New Zealand",NZL,"Research and development expenditure (% of GDP)",GB.XPD.RSDV.GD.ZS,,,,,,,,,,,,,,,,,,,,,,,,,,,,,,,,,,,,,,1.05649,,0.96387,,1.10028,,1.14748,,1.11711,,1.16113,,1.26157,,1.24822,,,,
"High income: OECD",OEC,"Research and development expenditure (% of GDP)",GB.XPD.RSDV.GD.ZS,,,,,,,,,,,,,,,,,,,,,,,,,,,,,,,,,,,,,2.1867297121331357,2.2150788101655303,2.2321790877187238,2.3017553252802014,2.3695674058317393,2.398372617401241,2.3373154582374562,2.3208025337534948,2.269865952091498,2.292477791490406,2.3217600151982247,2.3267015554008688,2.414650725798248,2.4868668203178728,2.4550741240404346,2.489020549921952,2.554876746932466,,,
"OECD members",OED,"Research and development expenditure (% of GDP)",GB.XPD.RSDV.GD.ZS,,,,,,,,,,,,,,,,,,,,,,,,,,,,,,,,,,,,,2.1428500906013115,2.1633280806129327,2.1718900446042584,2.2402873070905684,2.296924080024659,2.3272701510059344,2.268457948915914,2.257466157540964,2.208578179845343,2.2237226354701782,2.248500102791928,2.2521456810555236,2.338026998910507,2.4171339019286378,2.379771281933723,2.410556828887023,2.471748809788954,,,
Oman,OMN,"Research and development expenditure (% of GDP)",GB.XPD.RSDV.GD.ZS,,,,,,,,,,,,,,,,,,,,,,,,,,,,,,,,,,,,,,,,,,,,,,,,,,,,0.13645,0.20932,0.17087,,
"Other small states",OSS,"Research and development expenditure (% of GDP)",GB.XPD.RSDV.GD.ZS,,,,,,,,,,,,,,,,,,,,,,,,,,,,,,,,,,,,,,,,,,,,,,,,,,,,,,,,
Pakistan,PAK,"Research and development expenditure (% of GDP)",GB.XPD.RSDV.GD.ZS,,,,,,,,,,,,,,,,,,,,,,,,,,,,,,,,,,,,,,0.15565,0.10919,0.1159,0.12828,0.1667,0.21977,,,0.43689,,0.6325,,0.44806,,0.32917,,0.29151,,
Panama,PAN,"Research and development expenditure (% of GDP)",GB.XPD.RSDV.GD.ZS,,,,,,,,,,,,,,,,,,,,,,,,,,,,,,,,,,,,,0.32834,0.31671,0.28506,0.28805,0.38398,0.38196,0.36233,0.33998,0.23979,0.24546,0.24917,0.18322,0.19273,0.13817,0.14767,0.1804,,,,
Peru,PER,"Research and development expenditure (% of GDP)",GB.XPD.RSDV.GD.ZS,,,,,,,,,,,,,,,,,,,,,,,,,,,,,,,,,,,,,,0.08553,0.10251,0.10019,0.11435,0.11191,0.10681,0.10758,0.15595,,,,,,,,,,,
Philippines,PHL,"Research and development expenditure (% of GDP)",GB.XPD.RSDV.GD.ZS,,,,,,,,,,,,,,,,,,,,,,,,,,,,,,,,,,,,,,,,,,,0.13744,0.12994,,0.11143,,0.10963,,,,,,,,
Palau,PLW,"Research and development expenditure (% of GDP)",GB.XPD.RSDV.GD.ZS,,,,,,,,,,,,,,,,,,,,,,,,,,,,,,,,,,,,,,,,,,,,,,,,,,,,,,,,
"Papua New Guinea",PNG,"Research and development expenditure (% of GDP)",GB.XPD.RSDV.GD.ZS,,,,,,,,,,,,,,,,,,,,,,,,,,,,,,,,,,,,,,,,,,,,,,,,,,,,,,,,
Poland,POL,"Research and development expenditure (% of GDP)",GB.XPD.RSDV.GD.ZS,,,,,,,,,,,,,,,,,,,,,,,,,,,,,,,,,,,,,0.65204,0.65053,0.66484,0.68785,0.64202,0.62284,0.55785,0.53884,0.55594,0.56599,0.55321,0.56228,0.60331,0.666,0.72468,0.75224,0.88823,0.8675,,
"Puerto Rico",PRI,"Research and development expenditure (% of GDP)",GB.XPD.RSDV.GD.ZS,,,,,,,,,,,,,,,,,,,,,,,,,,,,,,,,,,,,,,,,,,,,,,,,,,0.45131,,,,0.43568,,
"Korea, Dem. Rep.",PRK,"Research and development expenditure (% of GDP)",GB.XPD.RSDV.GD.ZS,,,,,,,,,,,,,,,,,,,,,,,,,,,,,,,,,,,,,,,,,,,,,,,,,,,,,,,,
Portugal,PRT,"Research and development expenditure (% of GDP)",GB.XPD.RSDV.GD.ZS,,,,,,,,,,,,,,,,,,,,,,,,,,,,,,,,,,,,,0.5495,0.5636,0.62468,0.681,0.72127,0.76452,0.72144,0.69759,0.72871,0.75707,0.95455,1.12427,1.4452,1.57973,1.53257,1.45683,1.37777,1.37054,,
Paraguay,PRY,"Research and development expenditure (% of GDP)",GB.XPD.RSDV.GD.ZS,,,,,,,,,,,,,,,,,,,,,,,,,,,,,,,,,,,,,,,,,,0.07427,0.08525,0.07163,0.07266,0.07487,,,0.05472,,,0.05671,0.08816,,,
"Pacific island small states",PSS,"Research and development expenditure (% of GDP)",GB.XPD.RSDV.GD.ZS,,,,,,,,,,,,,,,,,,,,,,,,,,,,,,,,,,,,,,,,,,,,,,,,,,,,,,,,
"French Polynesia",PYF,"Research and development expenditure (% of GDP)",GB.XPD.RSDV.GD.ZS,,,,,,,,,,,,,,,,,,,,,,,,,,,,,,,,,,,,,,,,,,,,,,,,,,,,,,,,
Qatar,QAT,"Research and development expenditure (% of GDP)",GB.XPD.RSDV.GD.ZS,,,,,,,,,,,,,,,,,,,,,,,,,,,,,,,,,,,,,,,,,,,,,,,,,,,,,0.47076,,,
Romania,ROU,"Research and development expenditure (% of GDP)",GB.XPD.RSDV.GD.ZS,,,,,,,,,,,,,,,,,,,,,,,,,,,,,,,,,,,,,0.70543,0.57922,0.49048,0.40236,0.36575,0.38945,0.37784,0.386,0.3852,0.40964,0.45432,0.52339,0.57911,0.47031,0.46086,0.50059,0.48898,0.39055,,
"Russian Federation",RUS,"Research and development expenditure (% of GDP)",GB.XPD.RSDV.GD.ZS,,,,,,,,,,,,,,,,,,,,,,,,,,,,,,,,,,,,,0.96593,1.04374,0.95384,0.99624,1.04984,1.17694,1.24782,1.28603,1.15133,1.06797,1.07294,1.11611,1.04435,1.25192,1.1302,1.09069,1.12562,1.13279,,
Rwanda,RWA,"Research and development expenditure (% of GDP)",GB.XPD.RSDV.GD.ZS,,,,,,,,,,,,,,,,,,,,,,,,,,,,,,,,,,,,,,,,,,,,,,,,,,,,,,,,
"South Asia",SAS,"Research and development expenditure (% of GDP)",GB.XPD.RSDV.GD.ZS,,,,,,,,,,,,,,,,,,,,,,,,,,,,,,,,,,,,,0.6131077043664486,0.6080959567012949,0.6178719788040222,0.6408425227569903,0.6463490420391707,0.6521632429961393,0.6533294687231034,0.70689,0.7282121210067508,0.7670959477347153,0.7791936526882354,0.7734591036045393,0.8101930383559525,0.7738430836785397,0.7723335810239998,0.7708163693240391,,,,
"Saudi Arabia",SAU,"Research and development expenditure (% of GDP)",GB.XPD.RSDV.GD.ZS,,,,,,,,,,,,,,,,,,,,,,,,,,,,,,,,,,,,,,,,,,,,0.06269,0.05315,0.0423,0.04245,0.04521,0.04902,0.07338,,,,,,
Sudan,SDN,"Research and development expenditure (% of GDP)",GB.XPD.RSDV.GD.ZS,,,,,,,,,,,,,,,,,,,,,,,,,,,,,,,,,,,,,,,,,,,,,,,,,,,,,,,,
Senegal,SEN,"Research and development expenditure (% of GDP)",GB.XPD.RSDV.GD.ZS,,,,,,,,,,,,,,,,,,,,,,,,,,,,,,,,,,,,,,,,,,,,,,,,,0.36834,,0.54086,,,,,
Singapore,SGP,"Research and development expenditure (% of GDP)",GB.XPD.RSDV.GD.ZS,,,,,,,,,,,,,,,,,,,,,,,,,,,,,,,,,,,,,1.31843,1.41508,1.73749,1.81628,1.82155,2.02076,2.06807,2.02636,2.10459,2.16067,2.13328,2.33699,2.62081,2.15925,2.01297,2.15055,1.99947,,,
"Solomon Islands",SLB,"Research and development expenditure (% of GDP)",GB.XPD.RSDV.GD.ZS,,,,,,,,,,,,,,,,,,,,,,,,,,,,,,,,,,,,,,,,,,,,,,,,,,,,,,,,
"Sierra Leone",SLE,"Research and development expenditure (% of GDP)",GB.XPD.RSDV.GD.ZS,,,,,,,,,,,,,,,,,,,,,,,,,,,,,,,,,,,,,,,,,,,,,,,,,,,,,,,,
"El Salvador",SLV,"Research and development expenditure (% of GDP)",GB.XPD.RSDV.GD.ZS,,,,,,,,,,,,,,,,,,,,,,,,,,,,,,,,,,,,,,,0.08031,,,,,,,,,0.08935,0.11245,0.07744,0.06723,0.03112,0.03051,,,
"San Marino",SMR,"Research and development expenditure (% of GDP)",GB.XPD.RSDV.GD.ZS,,,,,,,,,,,,,,,,,,,,,,,,,,,,,,,,,,,,,,,,,,,,,,,,,,,,,,,,
Somalia,SOM,"Research and development expenditure (% of GDP)",GB.XPD.RSDV.GD.ZS,,,,,,,,,,,,,,,,,,,,,,,,,,,,,,,,,,,,,,,,,,,,,,,,,,,,,,,,
Serbia,SRB,"Research and development expenditure (% of GDP)",GB.XPD.RSDV.GD.ZS,,,,,,,,,,,,,,,,,,,,,,,,,,,,,,,,,,,,,,0.75404,0.80135,0.99719,0.89807,0.32119,0.67954,0.52138,0.30444,0.41685,0.46678,0.35036,0.3731,0.86613,0.74427,0.72439,0.90691,0.72684,,
"Sub-Saharan Africa (developing only)",SSA,"Research and development expenditure (% of GDP)",GB.XPD.RSDV.GD.ZS,,,,,,,,,,,,,,,,,,,,,,,,,,,,,,,,,,,,,,,,,,,,,,,,0.5491824175842438,,,,,,,,
"South Sudan",SSD,"Research and development expenditure (% of GDP)",GB.XPD.RSDV.GD.ZS,,,,,,,,,,,,,,,,,,,,,,,,,,,,,,,,,,,,,,,,,,,,,,,,,,,,,,,,
"Sub-Saharan Africa (all income levels)",SSF,"Research and development expenditure (% of GDP)",GB.XPD.RSDV.GD.ZS,,,,,,,,,,,,,,,,,,,,,,,,,,,,,,,,,,,,,,,,,,,,,,,,0.5491824175842438,,,,,,,,
"Small states",SST,"Research and development expenditure (% of GDP)",GB.XPD.RSDV.GD.ZS,,,,,,,,,,,,,,,,,,,,,,,,,,,,,,,,,,,,,,,,,,,,,,,,,,,,,,,,
"Sao Tome and Principe",STP,"Research and development expenditure (% of GDP)",GB.XPD.RSDV.GD.ZS,,,,,,,,,,,,,,,,,,,,,,,,,,,,,,,,,,,,,,,,,,,,,,,,,,,,,,,,
Suriname,SUR,"Research and development expenditure (% of GDP)",GB.XPD.RSDV.GD.ZS,,,,,,,,,,,,,,,,,,,,,,,,,,,,,,,,,,,,,,,,,,,,,,,,,,,,,,,,
"Slovak Republic",SVK,"Research and development expenditure (% of GDP)",GB.XPD.RSDV.GD.ZS,,,,,,,,,,,,,,,,,,,,,,,,,,,,,,,,,,,,,0.89292,1.0529,0.76629,0.64569,0.63938,0.62571,0.56291,0.56152,0.50072,0.49417,0.47662,0.44966,0.46432,0.47492,0.61956,0.66767,0.81073,0.83007,,
Slovenia,SVN,"Research and development expenditure (% of GDP)",GB.XPD.RSDV.GD.ZS,,,,,,,,,,,,,,,,,,,,,,,,,,,,,,,,,,,,,1.26633,1.24727,1.30637,1.33813,1.3563,1.46773,1.43873,1.24528,1.36806,1.41229,1.53291,1.42382,1.62564,1.81629,2.0595,2.42542,2.5782,2.58689,,
Sweden,SWE,"Research and development expenditure (% of GDP)",GB.XPD.RSDV.GD.ZS,,,,,,,,,,,,,,,,,,,,,,,,,,,,,,,,,,,,,,3.31935,,3.42157,,3.91382,,3.61438,3.39134,3.39023,3.50032,3.25661,3.49525,3.41574,3.21611,3.22403,3.28134,3.30158,,
Swaziland,SWZ,"Research and development expenditure (% of GDP)",GB.XPD.RSDV.GD.ZS,,,,,,,,,,,,,,,,,,,,,,,,,,,,,,,,,,,,,,,,,,,,,,,,,,,,,,,,
"Sint Maarten (Dutch part)",SXM,"Research and development expenditure (% of GDP)",GB.XPD.RSDV.GD.ZS,,,,,,,,,,,,,,,,,,,,,,,,,,,,,,,,,,,,,,,,,,,,,,,,,,,,,,,,
Seychelles,SYC,"Research and development expenditure (% of GDP)",GB.XPD.RSDV.GD.ZS,,,,,,,,,,,,,,,,,,,,,,,,,,,,,,,,,,,,,,,,,,0.42525,0.40707,0.41183,0.34658,0.30209,,,,,,,,,,
"Syrian Arab Republic",SYR,"Research and development expenditure (% of GDP)",GB.XPD.RSDV.GD.ZS,,,,,,,,,,,,,,,,,,,,,,,,,,,,,,,,,,,,,,,,,,,,,,,,,,,,,,,,
"Turks and Caicos Islands",TCA,"Research and development expenditure (% of GDP)",GB.XPD.RSDV.GD.ZS,,,,,,,,,,,,,,,,,,,,,,,,,,,,,,,,,,,,,,,,,,,,,,,,,,,,,,,,
Chad,TCD,"Research and development expenditure (% of GDP)",GB.XPD.RSDV.GD.ZS,,,,,,,,,,,,,,,,,,,,,,,,,,,,,,,,,,,,,,,,,,,,,,,,,,,,,,,,
Togo,TGO,"Research and development expenditure (% of GDP)",GB.XPD.RSDV.GD.ZS,,,,,,,,,,,,,,,,,,,,,,,,,,,,,,,,,,,,,,,,,,,,,,,,,,,0.25349,,0.22083,,,
Thailand,THA,"Research and development expenditure (% of GDP)",GB.XPD.RSDV.GD.ZS,,,,,,,,,,,,,,,,,,,,,,,,,,,,,,,,,,,,,0.11989,0.10166,,0.25654,0.25202,0.2627,0.24404,0.26192,0.25535,0.23498,0.24919,0.21378,,0.25056,,0.38776,,,,
Tajikistan,TJK,"Research and development expenditure (% of GDP)",GB.XPD.RSDV.GD.ZS,,,,,,,,,,,,,,,,,,,,,,,,,,,,,,,,,,,,,,,,,,0.08953,0.07068,0.0689,0.06697,0.0957,0.10732,0.06778,0.06983,0.08577,0.08914,0.12148,0.1142,0.1177,,
Turkmenistan,TKM,"Research and development expenditure (% of GDP)",GB.XPD.RSDV.GD.ZS,,,,,,,,,,,,,,,,,,,,,,,,,,,,,,,,,,,,,,,,,,,,,,,,,,,,,,,,
Timor-Leste,TLS,"Research and development expenditure (% of GDP)",GB.XPD.RSDV.GD.ZS,,,,,,,,,,,,,,,,,,,,,,,,,,,,,,,,,,,,,,,,,,,,,,,,,,,,,,,,
Tonga,TON,"Research and development expenditure (% of GDP)",GB.XPD.RSDV.GD.ZS,,,,,,,,,,,,,,,,,,,,,,,,,,,,,,,,,,,,,,,,,,,,,,,,,,,,,,,,
"Trinidad and Tobago",TTO,"Research and development expenditure (% of GDP)",GB.XPD.RSDV.GD.ZS,,,,,,,,,,,,,,,,,,,,,,,,,,,,,,,,,,,,,0.10325,0.11553,0.12715,0.12292,0.12614,0.11762,0.12933,0.11325,0.11496,0.09396,0.05526,0.04589,0.03072,0.05665,0.05137,0.04348,0.04856,,,
Tunisia,TUN,"Research and development expenditure (% of GDP)",GB.XPD.RSDV.GD.ZS,,,,,,,,,,,,,,,,,,,,,,,,,,,,,,,,,,,,,0.304729998111725,0.387479990720749,0.39028999209404,0.397560000419617,0.414499998092651,0.481940001249313,0.53797,0.65021,0.73123,0.71171,0.67748,0.66591,0.63871,0.70726,0.68405,0.70645,0.67933,,,
Turkey,TUR,"Research and development expenditure (% of GDP)",GB.XPD.RSDV.GD.ZS,,,,,,,,,,,,,,,,,,,,,,,,,,,,,,,,,,,,,0.45159,0.49169,0.37095,0.46767,0.47909,0.53779,0.52594,0.48311,0.51831,0.59104,0.58016,0.72241,0.72518,0.84902,0.84343,0.85952,0.92196,0.94477,,
Tuvalu,TUV,"Research and development expenditure (% of GDP)",GB.XPD.RSDV.GD.ZS,,,,,,,,,,,,,,,,,,,,,,,,,,,,,,,,,,,,,,,,,,,,,,,,,,,,,,,,
Tanzania,TZA,"Research and development expenditure (% of GDP)",GB.XPD.RSDV.GD.ZS,,,,,,,,,,,,,,,,,,,,,,,,,,,,,,,,,,,,,,,,,,,,,,,,0.33994,,,0.38025,,,,,
Uganda,UGA,"Research and development expenditure (% of GDP)",GB.XPD.RSDV.GD.ZS,,,,,,,,,,,,,,,,,,,,,,,,,,,,,,,,,,,,,,,,,,,0.36756,0.25612,0.26056,0.21514,0.30033,0.38821,0.32632,0.35906,0.47567,,,,,
Ukraine,UKR,"Research and development expenditure (% of GDP)",GB.XPD.RSDV.GD.ZS,,,,,,,,,,,,,,,,,,,,,,,,,,,,,,,,,,,,,,1.1923,1.06993,0.96968,0.96213,1.02329,0.9982,1.11179,1.08152,1.16896,0.94908,0.85319,0.84644,0.85644,0.83098,0.7378,0.75167,0.76175,,
"Upper middle income",UMC,"Research and development expenditure (% of GDP)",GB.XPD.RSDV.GD.ZS,,,,,,,,,,,,,,,,,,,,,,,,,,,,,,,,,,,,,,,,,0.6691899363798985,0.6884958672603718,0.7317405187592128,0.7727352790998967,0.8103340862299991,0.8843738429789927,0.9109260198871114,0.9664555330888054,1.041696228568138,1.1721932529184136,1.2301646809205367,1.2887180036517558,1.45080398244063,1.6406055657580734,,
Uruguay,URY,"Research and development expenditure (% of GDP)",GB.XPD.RSDV.GD.ZS,,,,,,,,,,,,,,,,,,,,,,,,,,,,,,,,,,,,,0.26501,0.34994,0.19186,0.22417,0.20925,,0.23818,,,,0.35919,0.39948,0.36265,0.42266,0.39501000000000003,0.41679,0.23436,,,
"United States",USA,"Research and development expenditure (% of GDP)",GB.XPD.RSDV.GD.ZS,,,,,,,,,,,,,,,,,,,,,,,,,,,,,,,,,,,,,2.44182,2.47091,2.49675,2.54174,2.6205,2.63832,2.54968,2.55287,2.48995,2.50599,2.55002,2.62692,2.76683,2.81578,2.73716,2.76547,2.80604,,,
Uzbekistan,UZB,"Research and development expenditure (% of GDP)",GB.XPD.RSDV.GD.ZS,,,,,,,,,,,,,,,,,,,,,,,,,,,,,,,,,,,,,,,,,,,,,,,,,,,,,,,,
"St. Vincent and the Grenadines",VCT,"Research and development expenditure (% of GDP)",GB.XPD.RSDV.GD.ZS,,,,,,,,,,,,,,,,,,,,,,,,,,,,,,,,,,,,,,,,,,0.04306,0.12028,,,,,,,,,,,,,
"Venezuela, RB",VEN,"Research and development expenditure (% of GDP)",GB.XPD.RSDV.GD.ZS,,,,,,,,,,,,,,,,,,,,,,,,,,,,,,,,,,,,,,,,,,,,,,,,,,,,,,,,
"Virgin Islands (U.S.)",VIR,"Research and development expenditure (% of GDP)",GB.XPD.RSDV.GD.ZS,,,,,,,,,,,,,,,,,,,,,,,,,,,,,,,,,,,,,,,,,,,,,,,,,,,,,,,,
Vietnam,VNM,"Research and development expenditure (% of GDP)",GB.XPD.RSDV.GD.ZS,,,,,,,,,,,,,,,,,,,,,,,,,,,,,,,,,,,,,,,,,,,0.17808,,,,,,,,,0.19044,,,,
Vanuatu,VUT,"Research and development expenditure (% of GDP)",GB.XPD.RSDV.GD.ZS,,,,,,,,,,,,,,,,,,,,,,,,,,,,,,,,,,,,,,,,,,,,,,,,,,,,,,,,
"West Bank and Gaza",PSE,"Research and development expenditure (% of GDP)",GB.XPD.RSDV.GD.ZS,,,,,,,,,,,,,,,,,,,,,,,,,,,,,,,,,,,,,,,,,,,,,,,,,,,,,,,,
World,WLD,"Research and development expenditure (% of GDP)",GB.XPD.RSDV.GD.ZS,,,,,,,,,,,,,,,,,,,,,,,,,,,,,,,,,,,,,1.9874889889723675,1.983898406996869,2.0005645093096867,2.076249389309224,2.07739294852987,2.097886333957687,2.0613545344499244,2.0483247188901115,1.9987729572147257,1.988867885006607,1.9958289533768316,1.9656938276764369,2.0280715892024825,2.0633230723306313,2.0551047421952178,2.0573473908916924,2.177304559878108,,,
Samoa,WSM,"Research and development expenditure (% of GDP)",GB.XPD.RSDV.GD.ZS,,,,,,,,,,,,,,,,,,,,,,,,,,,,,,,,,,,,,,,,,,,,,,,,,,,,,,,,
"Yemen, Rep.",YEM,"Research and development expenditure (% of GDP)",GB.XPD.RSDV.GD.ZS,,,,,,,,,,,,,,,,,,,,,,,,,,,,,,,,,,,,,,,,,,,,,,,,,,,,,,,,
"South Africa",ZAF,"Research and development expenditure (% of GDP)",GB.XPD.RSDV.GD.ZS,,,,,,,,,,,,,,,,,,,,,,,,,,,,,,,,,,,,,,0.58354,,,,0.71578,,0.76051,0.81334,0.86315,0.89815,0.88287,0.88816,0.83562,0.73704,0.7342,0.73168,,,
"Congo, Dem. Rep.",COD,"Research and development expenditure (% of GDP)",GB.XPD.RSDV.GD.ZS,,,,,,,,,,,,,,,,,,,,,,,,,,,,,,,,,,,,,,,,,,,,,0.26777,0.05799,0.0611,0.1392,0.08503,0.07987,,,,,,
Zambia,ZMB,"Research and development expenditure (% of GDP)",GB.XPD.RSDV.GD.ZS,,,,,,,,,,,,,,,,,,,,,,,,,,,,,,,,,,,,,0.01104,0.00737,,,,,0.00544,0.00847,0.02223,0.02493,,,0.27819,,,,,,,
Zimbabwe,ZWE,"Research and development expenditure (% of GDP)",GB.XPD.RSDV.GD.ZS,,,,,,,,,,,,,,,,,,,,,,,,,,,,,,,,,,,,,,,,,,,,,,,,,,,,,,,,
